id,name,password
1,user001,a6fEY4Zh
2,user002,ZSi0hnAU
3,user003,a7PLaadF
4,user004,fSTkCTr8
5,user005,Q7bcuvR2
6,user006,ohn3Ii34
7,user007,inFlZfBq
8,user008,ew7fY58x
9,user009,wAP8jujm
10,user010,frgq7cys
11,user011,TYgBGyLM
12,user012,jF0G4aGZ
13,user013,HxEUbqBq
14,user014,Agfz6qVd
15,user015,wcCfGwUl
16,user016,3wpIjQfS
17,user017,mJPUtbLS
18,user018,eyRFDwbo
19,user019,yZRWQ4mz
20,user020,wtkVCVdf
21,user021,Ds7y4ZbM
22,user022,vo7J5SS1
23,user023,71ieF3Tk
24,user024,11CS9zX7
25,user025,BMdMTuPP
26,user026,45JmmoeX
27,user027,PayCIzSM
28,user028,pFwwRl99
29,user029,qKSOPXsk
30,user030,HjLjD1Wc
31,user031,1lWfbNC7
32,user032,2ReA8HiT
33,user033,hKarjhPL
34,user034,BvewJNsA
35,user035,jb15v2aN
36,user036,lOFBCqyf
37,user037,xveHu3u7
38,user038,TmIQUXRA
39,user039,zJWGuEd9
40,user040,JKc5iMIz
41,user041,TNJWqZBD
42,user042,JszxmfpM
43,user043,wOXqJsM4
44,user044,PB73VVS0
45,user045,rpTHZjmA
46,user046,0uF4vXJG
47,user047,UdWyx6cI
48,user048,4BA3R5ai
49,user049,EdLHiOYQ
50,user050,4Cl6mRlC
51,user051,dPC1BqhW
52,user052,KXUTvZqd
53,user053,qTuXl9yr
54,user054,bWrbYbEM
55,user055,WYIFgCSt
56,user056,5GKTYucc
57,user057,p3OtG4sg
58,user058,wACtKCHp
59,user059,F67K8m1m
60,user060,gfNSrheD
61,user061,xuhgUcBx
62,user062,3BFMzMLl
63,user063,0swkhz9o
64,user064,6IESgadw
65,user065,D8uBUznL
66,user066,QyhnPMsS
67,user067,atM2QrzS
68,user068,IURM3IoI
69,user069,87LqRs5X
70,user070,7lmnMJR7
71,user071,NT40zQfS
72,user072,YOBlikUH
73,user073,M484ml5S
74,user074,iw4tzOL4
75,user075,zdis9NER
76,user076,gTKYE535
77,user077,BKp4YE9Q
78,user078,ojK01A57
79,user079,tgEelx1S
80,user080,nXTcszbE
81,user081,ha9heWDj
82,user082,DJze6yeq
83,user083,WBdNgegL
84,user084,t9qwSLQ3
85,user085,1OPXPar3
86,user086,AoUK2Fs0
87,user087,2tCEk1it
88,user088,Fvjk3i5V
89,user089,Dktf0ZE1
90,user090,4FckayAI
91,user091,o3uLJQNv
92,user092,GeJFS8LE
93,user093,ZvR6fMrC
94,user094,hvCE36JV
95,user095,PGB4j3sf
96,user096,5qYM6u4x
97,user097,TUDdVDex
98,user098,KEF7Cubz
99,user099,QSKbBVFw
100,user100,9XdM1BSy
101,user101,MiYL20ZC
102,user102,gObPYSGT
103,user103,otprPzcm
104,user104,UEZdJU98
105,user105,DWawIiJQ
106,user106,3bWceCoz
107,user107,KH7qN0px
108,user108,aNSjadAS
109,user109,zxIxCobN
110,user110,8iFmEHeC
111,user111,F4iTvO3I
112,user112,4mNiMYIr
113,user113,VhQ2Tcny
114,user114,FbcTr2Ez
115,user115,CUA0p8b6
116,user116,dbNkDunM
117,user117,EJmzvFa0
118,user118,iRpX5JiS
119,user119,56KNAl7w
120,user120,odcwcv6Y
121,user121,ZEjTTrwj
122,user122,lY5q4jIJ
123,user123,sCc4dY3h
124,user124,KEAAypPM
125,user125,LxrTwHl0
126,user126,296dmg5Y
127,user127,W6CxCIXG
128,user128,HrXHLs3V
129,user129,SeKYDzNL
130,user130,gx7fUTfr
131,user131,Ks0NrWHw
132,user132,2mOjJmwN
133,user133,UyosBK7D
134,user134,VxO06rcm
135,user135,uYyLabPM
136,user136,IafEbI5E
137,user137,y1uHV2jt
138,user138,RkVJ9KkI
139,user139,CuWGsVGE
140,user140,JSjwjxJk
141,user141,dDuvNuNO
142,user142,cK2PRBHa
143,user143,5KZ6gz86
144,user144,OhvSluar
145,user145,kS7qf1P3
146,user146,zDUEoUHu
147,user147,3MT2Usbp
148,user148,pXerzMeX
149,user149,a45KlNUv
150,user150,vg3RCfkQ
151,user151,YKfoL5ST
152,user152,RpjCKCMl
153,user153,k1H6veOx
154,user154,YUicTJhj
155,user155,TW2woJKV
156,user156,xBeD5aIf
157,user157,nbtdGzKe
158,user158,eDAEbFF8
159,user159,PHiU44VK
160,user160,XlOthbAQ
161,user161,3SoPdybx
162,user162,rB9FdGV9
163,user163,8J9ATxDQ
164,user164,0mIAV18h
165,user165,8U5JlJdo
166,user166,9YCK0pWp
167,user167,cePGGKja
168,user168,uVwZaYTM
169,user169,ZOpRAWeC
170,user170,xJa9HYz4
171,user171,JHpMfYqy
172,user172,WXoFphLn
173,user173,ODbsOTX9
174,user174,JY97dI0l
175,user175,vseTgLZA
176,user176,oibkWkrk
177,user177,UPKdHq6h
178,user178,fF7QLjDR
179,user179,v63FZVek
180,user180,U3ueKF1J
181,user181,lI08mCkI
182,user182,aKSBIvAh
183,user183,SzOOkEXt
184,user184,WJcHU45A
185,user185,c1IbHfqt
186,user186,pNkRrqjK
187,user187,A1mgqod7
188,user188,OhnDXgXM
189,user189,d98Avgwh
190,user190,zsTPoOfJ
191,user191,IZ0lwLJQ
192,user192,OdOqow1I
193,user193,aNry49MQ
194,user194,YUcRmZsw
195,user195,PhLoTl18
196,user196,uYfijlWm
197,user197,tnOU6QG9
198,user198,9rCCDUyR
199,user199,jyKUqm40
200,user200,ZHfJiidU
201,user201,PnN5xdf1
202,user202,nExllRtE
203,user203,oVzSGKAs
204,user204,NGousV9C
205,user205,6xhmtzBB
206,user206,dn7t28xh
207,user207,TDKpizS5
208,user208,gO7Dnkk7
209,user209,aiN8pUXO
210,user210,dgsQKfQj
211,user211,4kp9U6Dr
212,user212,lZKoelKF
213,user213,DCit8hrJ
214,user214,ymI1UVCv
215,user215,UsfrcwPZ
216,user216,OZ87j3cr
217,user217,mMYAAMgV
218,user218,TOzOO95x
219,user219,IO9Hysf0
220,user220,L6sISc1o
221,user221,Gl9WYMjE
222,user222,VIJDxru7
223,user223,aZikhMEY
224,user224,XVqWphgw
225,user225,Wop6SgxH
226,user226,JuBrRPRY
227,user227,0rlK1o8S
228,user228,2LgMOuoW
229,user229,DzbhA4lO
230,user230,8zz1IM3B
231,user231,nrLNOCUv
232,user232,iZLP3LX4
233,user233,5qAqDpjY
234,user234,r6iWBoY1
235,user235,URGPv3IE
236,user236,T7uluooQ
237,user237,oD4arwgc
238,user238,oeSEPLMu
239,user239,YPfKTaoe
240,user240,sCZCXJub
241,user241,2V02ddOf
242,user242,wLE0djQL
243,user243,rK7ZI8Jj
244,user244,0hK5cGtg
245,user245,IxbWmmJ0
246,user246,5uB6x5o3
247,user247,k7cbKkxr
248,user248,SXBuzIfb
249,user249,wkHmP19T
250,user250,zKa9NdlL
251,user251,u2JXjbNq
252,user252,wTPM3R6I
253,user253,dnCnSxYT
254,user254,nP3Zx9Hv
255,user255,ApZJEiBX
256,user256,29wu7jWH
257,user257,V4Ky04Ri
258,user258,lMxM7n7z
259,user259,eYVPANoz
260,user260,Rp6VkpEz
261,user261,usXgnsl6
262,user262,jWTsAhaQ
263,user263,ZksDm0Uv
264,user264,iE1iImsA
265,user265,mvEAvI5z
266,user266,pmjtBxWe
267,user267,78P0zC6c
268,user268,wasSzQuX
269,user269,CIRtm4IE
270,user270,znu3HjUq
271,user271,uFy9j8U3
272,user272,ttEywQNy
273,user273,Z26xKaQd
274,user274,bp6jFkvZ
275,user275,kcgpdyIA
276,user276,qNTwTjor
277,user277,oMNxM7jN
278,user278,MAXaWvrO
279,user279,oHlFWOLE
280,user280,iDx8apiq
281,user281,eSHGATq4
282,user282,RmdE4WRX
283,user283,K5GtFji2
284,user284,ZxX4u7jr
285,user285,g9mwvDAt
286,user286,117BB44z
287,user287,1pCBZi15
288,user288,mf0zsgXZ
289,user289,EhEdpcVM
290,user290,kn5VLAqH
291,user291,Bcvr6Trs
292,user292,S9ttxXo3
293,user293,sBB2OdlD
294,user294,406xv9K4
295,user295,gvieWqSM
296,user296,TtbwbOgu
297,user297,GwtsvsAs
298,user298,IlwyA4BZ
299,user299,9f2IdTBg
300,user300,0gTutDZr
301,user301,kfXUSaMN
302,user302,cVYNqqrL
303,user303,1z27Ojao
304,user304,z7BTXR63
305,user305,WwtNLrBY
306,user306,Im62Hflj
307,user307,OQDOhzUe
308,user308,ikxnAeKg
309,user309,Vu9GCDBx
310,user310,med1u0JD
311,user311,oMdwtIfS
312,user312,W4wIcNaX
313,user313,FqGrOElF
314,user314,ZSaMtUTv
315,user315,CmsEMI9Z
316,user316,q5eNFlH7
317,user317,hD74gaQ3
318,user318,wVHihssq
319,user319,3BDmoTwv
320,user320,hwxQU3eb
321,user321,6vQdsBP7
322,user322,BBwradzg
323,user323,WpZ7Lf61
324,user324,Q7yE05de
325,user325,IREEbZA6
326,user326,tOZvVecW
327,user327,vzwBaNNT
328,user328,1wDMEVxH
329,user329,ZlXVtofv
330,user330,keRpTP7I
331,user331,zvgFG84T
332,user332,yV6MKSKX
333,user333,8xPD6IxG
334,user334,7HBT01Nn
335,user335,rxEDB5fI
336,user336,kVJbfTMM
337,user337,YKzvRbu6
338,user338,uLvWJ23E
339,user339,UcTFeVnm
340,user340,0R74Qjec
341,user341,HLnWgAaH
342,user342,oN7kz2e9
343,user343,z67wnNO6
344,user344,HGb0dlZj
345,user345,f5uMC6cp
346,user346,byRfbDUO
347,user347,e7GzXhGG
348,user348,a34lsYaz
349,user349,n9j3TaAL
350,user350,JmMEZLp7
351,user351,Esh2s8WV
352,user352,vpLpj0iz
353,user353,Ju3FnwRo
354,user354,SA0iCPSE
355,user355,jbOJqecO
356,user356,xn00QxMk
357,user357,q7agVKB9
358,user358,Uf8DTSGa
359,user359,YK7RlkjV
360,user360,7bosfRP7
361,user361,6TBVOI8S
362,user362,drUmUhF5
363,user363,DrzPYJr4
364,user364,tOLLD6f6
365,user365,7fdcckGW
366,user366,HaYRntxY
367,user367,kqJPpIew
368,user368,R39OeK8v
369,user369,d5BpKf0o
370,user370,wuMUBhHZ
371,user371,Zbspgflg
372,user372,e1m9VJtH
373,user373,yDgSHxTx
374,user374,s6Se7NpS
375,user375,IxumxyXn
376,user376,fZdH4Bhf
377,user377,zMqIp2sj
378,user378,PzTK4pdL
379,user379,XgZRP42r
380,user380,dFHwJIZu
381,user381,dKUaWczU
382,user382,9jmMmAJX
383,user383,7wvLsi1g
384,user384,toITjTxC
385,user385,So2ba9DE
386,user386,2XWa3QGD
387,user387,bzaibVu0
388,user388,BDHsZmv5
389,user389,vzx5XhpR
390,user390,rJyZzxfM
391,user391,jZq49kFO
392,user392,Li22251X
393,user393,Apzd2gj6
394,user394,SuaQDmI2
395,user395,sENAsRCN
396,user396,loojPFAI
397,user397,PhtoJZLT
398,user398,1Z2SEjiT
399,user399,vbw69c2H
400,user400,14VdpcDj
401,user401,BTuKebSV
402,user402,z8Ek6g22
403,user403,CKQaJfNY
404,user404,vhYK48Me
405,user405,9h7TUja1
406,user406,pJsra1LR
407,user407,QMSs5Ka5
408,user408,JbFKjCBw
409,user409,6dCAs37B
410,user410,7ls46Lei
411,user411,lrmIaxfT
412,user412,3tUpnNyV
413,user413,JsyKDFrd
414,user414,95ekqc6Z
415,user415,NsYaK08p
416,user416,wEb5la5w
417,user417,45Swsszh
418,user418,nNqndbjV
419,user419,cFHd7abu
420,user420,xn3YEPw6
421,user421,GQtWooSf
422,user422,AHUBaU1T
423,user423,n6RrrcfI
424,user424,cTHoP9nc
425,user425,6pgwNmmZ
426,user426,FZW39X80
427,user427,pEKS7l8D
428,user428,SFvVRFM6
429,user429,x7dInOgQ
430,user430,raD0fpEZ
431,user431,LJPSGi9f
432,user432,pyz8sZqO
433,user433,bX7M4r1y
434,user434,ivrXe8qR
435,user435,15qmPHHh
436,user436,9OmodSTj
437,user437,ZyRZl4Js
438,user438,wourdVDJ
439,user439,9MAiaEkr
440,user440,jsxOCMfQ
441,user441,kMryfcXo
442,user442,BO825sNc
443,user443,V4kYfQ8R
444,user444,uvMsyk2t
445,user445,FOgJ4i0a
446,user446,WMuP40mN
447,user447,MycV5bRC
448,user448,cRS02cAP
449,user449,hzpDHpTi
450,user450,dmNsHJOg
451,user451,ayELUGIs
452,user452,0bD8FDCk
453,user453,N7kvDSIg
454,user454,5cQoxgwk
455,user455,dObowrUl
456,user456,JEEjUq5U
457,user457,M00dBTxQ
458,user458,sKy7UdYB
459,user459,IwVXTnZr
460,user460,h2eGzInN
461,user461,4CHQbFXN
462,user462,wbUFwTvi
463,user463,BazZz8zj
464,user464,ILMnPeSw
465,user465,GOVIVkqP
466,user466,tGSCow3X
467,user467,CuHUF6rV
468,user468,kpJuBNbZ
469,user469,7zibHNn5
470,user470,kGcWMFBG
471,user471,6GTrxqV4
472,user472,cma3ltGq
473,user473,a0yiNVqu
474,user474,gqvlzFZl
475,user475,fkDHz2ll
476,user476,GRABdyAe
477,user477,WNhyME0k
478,user478,6qJcISly
479,user479,jqp4O50B
480,user480,3fSCW1Mc
481,user481,uv6F6UL9
482,user482,salpPGIk
483,user483,k2m3jfki
484,user484,tREqZIyT
485,user485,DVCpY9c0
486,user486,ZzLQJse7
487,user487,d7thqiuy
488,user488,4TQRBFNz
489,user489,7WnF2aJC
490,user490,0EHYWWBj
491,user491,cUg0n9xx
492,user492,veuHhYuD
493,user493,GUtO9aNQ
494,user494,YeAlCiO3
495,user495,kvaqnBgR
496,user496,IYjI2aTH
497,user497,OAxtwMwv
498,user498,rvS05BgX
499,user499,28vH8p6a
500,user500,KhCWSgxA
